,Store,Category,Item Type,Name (on Website),Gender,Price
0,Carter's,Kids,Baby Jeans,5-Pocket Embellished Skinny Jeans,F,28.0
1,Carter's,Kids,Baby Jeans,5-Pocket Skinny Jeans,M,14.4
2,Carter's,Kids,Baby Jeans,Printed French Terry Pants,F,8.0
3,Carter's,Kids,Baby Jeans,French Terry Pants,M,8.0
4,Carter's,Kids,Baby Shirts,Printed Tee,F,5.0
5,Carter's,Kids,Baby Shirts,Excavator Tee,M,5.0
6,Carter's,Kids,Baby Shirts,Ballet Tee,F,8.0
7,Carter's,Kids,Baby Shirts,Speed Of Lightning Tee,M,8.0
8,Carter's,Kids,Baby Shoes,Carter's Sparkle High Tops,F,15.0
9,Carter's,Kids,Baby Shoes,Carter's High Top Crib Shoes,M,15.0
10,Carter's,Kids,Baby Shoes,Glitter Crib Riding Boots,F,13.2
11,Carter's,Kids,Baby Shoes,Crib Boots,M,12.0
12,Carter's,Kids,Baby Sweaters,French Terry Cardigan,F,12.0
13,Carter's,Kids,Baby Sweaters,French Terry Cardigan,M,12.0
14,Carter's,Kids,Baby Sweaters,Half-Zip Fleece Pullover,F,22.0
15,Carter's,Kids,Baby Sweaters,Half-Zip Fleece Pullover,M,13.2
16,Carter's,Kids,Children's Jeans,5-Pocket Embellished Skinny Jeans,F,32.0
17,Carter's,Kids,Children's Jeans,5-Pocket Jeans,M,18.0
18,Carter's,Kids,Children's Jeans,Stretch Corduroy Pants,F,22.5
19,Carter's,Kids,Children's Jeans,5-Pocket Corduroy Pants,M,22.5
20,Carter's,Kids,Children's Shirts,Football Tee,M,10.8
21,Carter's,Kids,Children's Shirts,Winter Friends Tee,F,20.0
22,Carter's,Kids,Children's Shirts,Winter Bear Tee,M,20.0
23,Carter's,Kids,"Children's
Underwear",3-Pack Stretch Cotton Panties,F,9.0
24,Carter's,Kids,"Children's
Underwear",3-Pack Cotton Briefs,M,9.0
25,Carter's,Kids,"Children's
Underwear",7-Pack Stretch Cotton Panties,F,18.0
26,Carter's,Kids,"Children's
Underwear",7-Pack Cotton Briefs,M,18.0
27,Carter's,Kids,Onesie,Denim Jumpsuit,F,14.4
28,Carter's,Kids,Onesie,Ripstop Shortalls,M,11.99
29,Carter's,Kids,Onesie,Striped Romper,F,9.99
30,Carter's,Kids,Onesie,Cotton Plaid Romper,M,8.99
31,Carter's,Kids,Toddler Shoes,Carter's Casual Shoes,F,25.5
32,Carter's,Kids,Toddler Shoes,Carter's Casual Shoes,M,25.5
33,Gap,Kids,Baby Jeans,Pull-On Skinny Jeans,F,24.95
34,Gap,Kids,Baby Jeans,Pull-On Slim Jeans,M,24.95
35,Gap,Kids,Baby Jeans,Indigo Pull-On Jeans,F,24.95
36,Gap,Kids,Baby Jeans,Lined Pull-On Original Fit Jeans,M,24.95
37,Gap,Kids,Baby Shirts,Lace Top,F,19.95
38,Gap,Kids,Baby Shirts,Patch Rugby Top,M,19.95
39,Gap,Kids,Baby Shirts,Printed Ruffle Top,F,12.95
40,Gap,Kids,Baby Shirts,2-In-1 Pocket Tee,M,12.95
41,Gap,Kids,Baby Shoes,Polka Dot Mary Jane Sneakers,F,24.95
42,Gap,Kids,Baby Shoes,Chambray Sneakers,M,24.95
43,Gap,Kids,Baby Shoes,Polka Dot Mary Jane Sneakers,F,29.95
44,Gap,Kids,Baby Shoes,Chambray Sneakers,M,24.95
45,Gap,Kids,Baby Sweaters,Cable Peplum Cardigan,F,34.95
46,Gap,Kids,Baby Sweaters,Cable Knit Sweater,M,34.95
47,Gap,Kids,Baby Sweaters,Deer Cardigan,F,34.95
48,Gap,Kids,Baby Sweaters,Shawl Cardigan,M,34.95
49,Gap,Kids,Children's Jeans,1969 Boot Cut Jeans,F,29.95
50,Gap,Kids,Children's Jeans,1969 Boot Cut Jeans,M,34.95
51,Gap,Kids,Children's Jeans,1969 Patch Cropped Boy Fit Jeans,F,36.95
52,Gap,Kids,Children's Jeans,1969 Original Fit Jeans,M,29.95
53,Gap,Kids,Children's Shirts,Solid Pique Polo,F,18.95
54,Gap,Kids,Children's Shirts,Solid Pique Polo,M,18.95
55,Gap,Kids,Children's Shirts,Printed Babydoll Tee,F,16.95
56,Gap,Kids,Children's Shirts,Stripe Pocket Tee,M,14.95
57,Gap,Kids,"Children's
Underwear","Happy Day-Of-The-Week Bikini Brief (7-
Pack)",F,26.95
58,Gap,Kids,"Children's
Underwear",Bike Underwear (5-Pack),M,26.95
59,Gap,Kids,"Children's
Underwear",Horse Hipster (7-Pack),F,26.95
60,Gap,Kids,"Children's
Underwear",Stripe Boxer Briefs (5-Pack),M,29.95
61,Gap,Kids,Onesie,Ruffle Slub One-Piece,F,24.95
62,Gap,Kids,Onesie,Rugby-Stripe Baseball Tee One-Piece,M,24.95
63,Gap,Kids,Onesie,Stampede One-Piece,F,29.95
64,Gap,Kids,Onesie,Plaid Roll-Up One-Piece,M,29.95
65,Gap,Kids,Toddler Shoes,Metallic Logo Trainers,F,29.95
66,Gap,Kids,Toddler Shoes,Colorblock Trainers,M,29.95
67,Gymboree,Kids,Baby Jeans,Double Button Jeans,F,24.95
68,Gymboree,Kids,Baby Jeans,Pull-On Jeans,M,24.95
69,Gymboree,Kids,Baby Jeans,Geo Floral Skirt,F,24.95
70,Gymboree,Kids,Baby Jeans,Cuffed Plaid Shorts,M,22.95
71,Gymboree,Kids,Baby Shirts,Wildflowers & Birdies Smock Top,F,22.95
72,Gymboree,Kids,Baby Shirts,Plaid Shirt,M,22.95
73,Gymboree,Kids,Baby Shirts,Meow Striped Tee,F,21.95
74,Gymboree,Kids,Baby Shirts,Football Champ Long Sleeve Tee,M,19.95
75,Gymboree,Kids,Baby Shoes,Metallic Sandals,F,21.95
76,Gymboree,Kids,Baby Shoes,Crib Sandals,M,21.95
77,Gymboree,Kids,Baby Shoes,Patent Eyelet Crib Shoes,F,21.95
78,Gymboree,Kids,Baby Shoes,Boat Crib Shoes,M,21.95
79,Gymboree,Kids,Baby Shoes,Polka Dot Booties,F,16.95
80,Gymboree,Kids,Baby Shoes,Striped Booties,M,16.95
81,Gymboree,Kids,Baby Sweaters,Polka Dot Hoodie,F,24.95
82,Gymboree,Kids,Baby Sweaters,Produce Truck Hoodie,M,24.95
83,Gymboree,Kids,Baby Sweaters,Fair Isle Cardigan,F,32.95
84,Gymboree,Kids,Baby Sweaters,Elbow Patch Cardigan,M,32.95
85,Gymboree,Kids,Children's Jeans,Bootcut Jeans,F,32.95
86,Gymboree,Kids,Children's Jeans,Bootcut Jeans,M,29.95
87,Gymboree,Kids,Children's Jeans,Straight Jeans,F,32.95
88,Gymboree,Kids,Children's Jeans,Straight Jeans,M,29.95
89,Gymboree,Kids,Children's Shirts,Be Sweet Tee,F,19.95
90,Gymboree,Kids,Children's Shirts,Totally Awesome Wave Tee,M,16.95
91,Gymboree,Kids,Children's Shirts,You Me And The Sea Tank,F,19.95
92,Gymboree,Kids,Children's Shirts,So Much To Sea Tank,M,12.95
93,Gymboree,Kids,"Children's
Underwear",Halloween Underwear Three-Pack,F,14.95
94,Gymboree,Kids,"Children's
Underwear",Halloween Underwear Three-Pack,M,15.95
95,Gymboree,Kids,"Children's
Underwear",Giraffe Underwear Three-Pack,F,14.95
96,Gymboree,Kids,"Children's
Underwear",Safari Briefs Three-Pack,M,15.95
97,Gymboree,Kids,Onesie,Squirrel Two-Piece Set,F,26.95
98,Gymboree,Kids,Onesie,Bear Two-Piece Set,M,26.95
99,Gymboree,Kids,Onesie,Striped Elephant One-Piece,F,24.95
100,Gymboree,Kids,Onesie,Striped Elephant One-Piece,M,24.95
101,OshKosh B'gosh,Kids,Baby Jeans,Super Skinny Jeans - Marine Blue,F,10.0
102,OshKosh B'gosh,Kids,Baby Jeans,Skinny Jeans - Indigo Bright,M,10.0
103,OshKosh B'gosh,Kids,Baby Jeans,Chambray Ruffle Joggers,F,13.0
104,OshKosh B'gosh,Kids,Baby Jeans,Stretch Denim Joggers,M,13.0
105,OshKosh B'gosh,Kids,Baby Shirts,Oshkosh Originals Graphic Tee,F,6.0
106,OshKosh B'gosh,Kids,Baby Shirts,Oshkosh Originals Graphic Tee,M,6.0
107,OshKosh B'gosh,Kids,Baby Shirts,Tlc Striped Tunic,F,10.0
108,OshKosh B'gosh,Kids,Baby Shirts,Double Decker Pocket Tee,M,10.0
109,OshKosh B'gosh,Kids,Baby Shoes,Oshkosh Slip-On Shoes,F,34.0
110,OshKosh B'gosh,Kids,Baby Shoes,Oshkosh Slip-On Shoes,M,34.0
111,OshKosh B'gosh,Kids,Baby Shoes,Oshkosh Leopard Print Crib Boots,F,14.0
112,OshKosh B'gosh,Kids,Baby Shoes,Oshkosh Faux Fur Crib Boots,M,14.0
113,OshKosh B'gosh,Kids,Baby Sweaters,Marled Cardi,F,22.0
114,OshKosh B'gosh,Kids,Baby Sweaters,Marled Shawl Collar Cardigan,M,19.0
115,OshKosh B'gosh,Kids,Baby Sweaters,Ski Lodge Sweater,F,25.0
116,OshKosh B'gosh,Kids,Baby Sweaters,Ski Lodge Pullover Sweater,M,24.0
117,OshKosh B'gosh,Kids,Children's Jeans,Oshkosh Skinny Jeans-Maritime Blue Wash,F,8.0
118,OshKosh B'gosh,Kids,Children's Jeans,Skinny Jeans - Indigo Bright,M,12.0
119,OshKosh B'gosh,Kids,Children's Jeans,Straight Jeans - Mellow Medium,M,12.0
120,OshKosh B'gosh,Kids,Children's Shirts,Embroidered Top,F,13.0
121,OshKosh B'gosh,Kids,Children's Shirts,Striped Henley,M,13.0
122,OshKosh B'gosh,Kids,Children's Shirts,Oshkosh Originals Graphic Tee,F,6.0
123,OshKosh B'gosh,Kids,Children's Shirts,Oshkosh Originals Graphic Tee,M,6.0
124,OshKosh B'gosh,Kids,"Children's
Underwear",3-Pack Stretch Cotton Panties,F,14.0
125,OshKosh B'gosh,Kids,"Children's
Underwear",3-Pack Cotton Briefs,M,14.0
126,OshKosh B'gosh,Kids,"Children's
Underwear",7-Pack Everyday Panties,F,26.0
127,OshKosh B'gosh,Kids,"Children's
Underwear",6-Pack Cotton Briefs,M,26.0
128,OshKosh B'gosh,Kids,Onesie,Sparkle Henley Bodysuit,F,8.0
129,OshKosh B'gosh,Kids,Onesie,Varsity Henley Bodysuit,M,8.0
130,OshKosh B'gosh,Kids,Onesie,Floral Poplin Bodysuit,F,10.0
131,OshKosh B'gosh,Kids,Onesie,Plaid Poplin Bodysuit,M,10.0
132,OshKosh B'gosh,Kids,Toddler Shoes,Oshkosh Athletic Sneakers,F,40.0
133,OshKosh B'gosh,Kids,Toddler Shoes,Oshkosh Athletic Sneakers,M,40.0
134,"The Children's
Place",Kids,Baby Jeans,Basic Jeans,F,14.95
135,"The Children's
Place",Kids,Baby Jeans,Basic Jeans,M,14.95
136,"The Children's
Place",Kids,Baby Jeans,Basic Leggings,F,9.5
137,"The Children's
Place",Kids,Baby Jeans,Knit Cargo Pants,M,9.5
138,"The Children's
Place",Kids,Baby Shirts,"Long Sleeve 'Mommy's Night Owl' Little
Talker Bodysuit",F,9.5
139,"The Children's
Place",Kids,Baby Shirts,"Long Sleeve 'Naps, Hugs And Rock 'N' Roll'
Little Talker Bodysuit",M,9.5
140,"The Children's
Place",Kids,Baby Shirts,"I'm The Cutest Of Them All' Little Talker
Bodysuit",F,9.5
141,"The Children's
Place",Kids,Baby Shirts,"I Love My Mommy' Monster Little Talker
Bodysuit",M,9.5
142,"The Children's
Place",Kids,Baby Shoes,Low-Top Shoe,F,14.95
143,"The Children's
Place",Kids,Baby Sweaters,Long Sleeve Graphic Crew Neck Pullover,F,19.95
144,"The Children's
Place",Kids,Baby Sweaters,"Long Sleeve Raglan Sleeve Crew Neck
Sweater",M,19.95
145,"The Children's
Place",Kids,Baby Sweaters,Uniform Button-Front Crew-Neck Cardigan,M,19.95
146,"The Children's
Place",Kids,Baby Sweaters,Long Sleeve V-Neck Sweater,M,17.95
147,"The Children's
Place",Kids,Children's Jeans,Skinny Jeans - China Blue,F,19.5
148,"The Children's
Place",Kids,Children's Jeans,Skinny Jeans - Retro Vintage,M,19.5
149,"The Children's
Place",Kids,Children's Jeans,Bootcut Jeans - Merida,F,19.5
150,"The Children's
Place",Kids,Children's Jeans,Bootcut Jeans - Dust,M,19.5
151,"The Children's
Place",Kids,Children's Shirts,Long Sleeve Photo-Real Graphic Tunic,F,16.95
152,"The Children's
Place",Kids,Children's Shirts,Long Sleeve Striped Crew Tee,M,14.95
153,"The Children's
Place",Kids,Children's Shirts,Uniform Short Sleeve Classic Polo,F,12.95
154,"The Children's
Place",Kids,Children's Shirts,Short-Sleeved Uniform Polo,M,10.95
155,"The Children's
Place",Kids,"Children's
Underwear",Days Of The Week Briefs 7-Pack,F,18.95
156,"The Children's
Place",Kids,"Children's
Underwear",Striped And Camo Print Briefs 7-Pack,M,18.95
157,"The Children's
Place",Kids,"Children's
Underwear",Briefs 3-Pack,F,6.95
158,"The Children's
Place",Kids,"Children's
Underwear",Briefs 3-Pack,M,6.95
159,"The Children's
Place",Kids,Onesie,Dotted Shirt & Jeggings Set,F,19.95
160,"The Children's
Place",Kids,Onesie,"Long Sleeve Faux Layer Bear Bodysuit &
Banded Knit Pants Set",M,19.95
161,"The Children's
Place",Kids,Onesie,Cat Overalls Set,F,39.95
162,"The Children's
Place",Kids,Onesie,Suspenders Shirt & Shortall Set,M,34.95
163,"The Children's
Place",Kids,Toddler Shoes,Twirl Slip-On Sneakers,F,19.95
164,"The Children's
Place",Kids,Toddler Shoes,Slip-On Printed Sneaker,M,22.95
167,"Babies ""R"" Us",Kids,Preschool Toys,Disney Frozen Ariel Body Board,F,16.99
168,"Babies ""R"" Us",Kids,Preschool Toys,"Lego Duplo Preschool Building Toy -
Treasure Attack",M,29.99
169,"Babies ""R"" Us",Kids,Preschool Toys,"Lego Duplo Preschool Building Toy - Horse
Stable",F,32.99
170,Kmart,Kids,Arts and Crafts,Step 2 2-In-1 Toy Box And Art Lid Pink,F,60.99
171,Kmart,Kids,Arts and Crafts,Step 2 2-In-1 Toy Box And Art Lid - Tan,M,59.99
172,Kmart,Kids,Arts and Crafts,Step 2 Easel For Two Pink,F,61.99
173,Kmart,Kids,Arts and Crafts,Step 2 Easel For Two,M,54.99
174,Kmart,Kids,Arts and Crafts,"Play-Doh Sweet Shoppe Cake Mountain
Playset",F,19.99
175,Kmart,Kids,Arts and Crafts,"Play-Doh Disney Star Wars Millennium
Falcon Featuring Can-Heads",M,19.99
176,Kmart,Kids,Arts and Crafts,"Play-Doh My Little Pony Rainbow Dash Style
Salon Playset",F,15.99
177,Kmart,Kids,Arts and Crafts,"Play-Doh Diggin' Rigs Tonka Chuck 'N
Friends Grinding Gravel Yard Set",M,12.99
178,Kmart,Kids,Backpacks,Disney Frozen Girl's Backpack - Elsa,F,11.98
179,Kmart,Kids,Backpacks,Disney Avengers Boy's Backpack,M,9.98
180,Kmart,Kids,Backpacks,"Light Up Girls Backpack (Animal Print) - 16""",F,19.99
181,Kmart,Kids,Backpacks,"""Bright Lights"" Light-Up Boys Skater
Backpack",M,19.99
182,Kmart,Kids,Backpacks,"Disney Frozen Girl's Backpack & Lunch Bag
- Anna & Elsa",F,32.0
183,Kmart,Kids,Backpacks,"Disney Ultimate Spider-Man Web-Warriors
Boy's Backpack & Lunch Bag",M,32.0
184,Kmart,Kids,Bikes & Scooters,Princess Cozy Trailer,F,33.99
185,Kmart,Kids,Bikes & Scooters,Little Tikes,M,32.99
186,Kmart,Kids,Bikes & Scooters,RazorTM Lil' Kick Scooter,F,44.99
187,Kmart,Kids,Bikes & Scooters,RazorTM Jr. Lil Kick Scooter - Blue,M,39.99
188,Kmart,Kids,Bikes & Scooters,RazorTM E300-S Sweet Pea,F,299.99
189,Kmart,Kids,Bikes & Scooters,RazorTM E300S Seated Electric Scooter,M,289.99
190,Kmart,Kids,Bikes & Scooters,Disney Princess Folding Scooter,F,42.99
191,Kmart,Kids,Bikes & Scooters,Cars Folding Scooter,M,44.99
192,Kmart,Kids,General Toys,My First Craftsman 43 Pc. Power Drill Set,M,14.99
193,Kmart,Kids,General Toys,"Aww T-Rex Paint And Motorized 3D Puzzle
Aw-Pnt-Rexg Girl Blue",F,14.99
194,Kmart,Kids,General Toys,"Aww T-Rex Paint And Motorized 3D Puzzle
Aw-Pnt-Rexb Boy Green",M,14.99
195,Kmart,Kids,General Toys,"Jada Toys Just Girls 1:16 2010 Chevy
Camaro Ss Remote Control Car",F,24.99
196,Kmart,Kids,General Toys,"Jada Toys Big Time Muscle 96967 2010
Chevy Camaro Ss Rc, Yellow",M,14.99
197,Kmart,Kids,General Toys,Just Kidz Deluxe Cash Register - Pink,F,15.0
198,Kmart,Kids,General Toys,Just Kidz Deluxe Boy's Cash Register - Blue,M,15.0
199,Kmart,Kids,General Toys,"Just Kidz Glamour Girl And Her Cool Wheels
- Blue Mustang Car",F,11.0
200,Kmart,Kids,General Toys,Just Kidz Battery Operated Fire Truck,M,10.0
201,Kmart,Kids,General Toys,"Jada Toys Just Girls Big Foot Remote
Control Jeep",F,29.99
202,Kmart,Kids,General Toys,"Jada Toys Jurassic World Remote Control
Jeep",M,29.99
203,Kmart,Kids,Preschool Toys,"Mickey Mouse Clubhouse Mickey - Handy
Helper Tool Box",M,12.99
204,Kmart,Kids,Preschool Toys,"Mickey Mouse Clubhouse Minnie's Winter
Bow-Tique",F,14.99
205,Target,Kids,Backpacks,"Disney Princess Rolling Backpack - Pink
(12"")",F,19.99
206,Target,Kids,Backpacks,"Disney Cars Rolling Backpack - Red (12"")",M,19.99
207,Target,Kids,Backpacks,Circo Kids Adventure Pack - Girl,F,16.99
208,Target,Kids,Backpacks,Circo Kids Adventure Print - Boy,M,16.99
209,Target,Kids,Backpacks,J World Daisy Rolling Backpack - Pink,F,49.99
210,Target,Kids,Backpacks,"J World School Bus Rolling Backpack -
Yellow",M,55.99
211,Target,Kids,Backpacks,"Wildkin Olive Kids Butterfly Garden Pack 'N
Snack Backpack",F,27.99
214,Target,Kids,Backpacks,Wildkin Olive Kids Pirates Pack 'N Snack,M,27.99
215,Target,Kids,Backpacks,Wildkin Olive Kids Birdie Sidekick Backpack,F,29.0
216,Target,Kids,Backpacks,Wildkin Blue Camo Sidekick Backpack,M,24.99
217,Target,Kids,Bikes & Scooters,Razor Berry Scooter - Pink/Purple,F,36.99
218,Target,Kids,Bikes & Scooters,Razor Berry Scooter - Teal/Orange,M,34.99
219,Target,Kids,Bikes & Scooters,"Radio Flyer Girls My 1st Scooter Sparkle -
Pink",F,49.99
220,Target,Kids,Bikes & Scooters,Radio Flyer My 1st Scooter Sport - Red,M,24.99
221,Target,Kids,Bikes & Scooters,"Girl's Classic Flyer Bike - Pink (12"")",F,109.99
222,Target,Kids,Bikes & Scooters,"Boy's Classic Flyer Bike - Red (12"")",M,105.99
223,Target,Kids,Bikes & Scooters,K20G Girls Bike,F,139.99
224,Target,Kids,Bikes & Scooters,K20 Boys Bike,M,138.99
225,Target,Kids,General Toys,"La Newborn 15"" Real Girl Pink Polka Dot",F,59.99
226,Target,Kids,General Toys,"La Newborn 15"" Real Boy With Brown Hair",M,57.99
227,Target,Kids,General Toys,Green Toys Dump Truck - Pink,F,20.99
228,Target,Kids,General Toys,Green Toys Dump Truck,M,21.99
229,Target,Kids,Helmets & Pads,Raskullz Unicorn Ride Alongz Toddler Helmet,F,27.99
230,Target,Kids,Helmets & Pads,"Raskullz Shark Attax Ride Alongz Toddler
Helmet",M,14.99
231,Target,Kids,Helmets & Pads,"Punisher Skateboards Neon Skateboard
Helmet Pink",F,39.99
232,Target,Kids,Helmets & Pads,"Punisher Skateboards Teddy Skateboard
Helmet Black",M,29.99
233,Target,Kids,Helmets & Pads,Frozen 3D Tiara Child Bike Helmet,F,24.99
234,Target,Kids,Helmets & Pads,Toddler Hlmt Spiderman Vp,M,18.99
235,Target,Kids,Helmets & Pads,Razor V17 Youth Helmet Gloss - Magenta,F,19.99
236,Target,Kids,Helmets & Pads,Razor Child Helmet - Green,M,19.99
237,Target,Kids,Preschool Toys,Fisher-Price Disney Princess Figure Pack,F,19.59
238,Target,Kids,Preschool Toys,"Fisher-Price® Little People Dc Super Friends
Exclusive Figure",M,19.99
241,Target,Kids,Preschool Toys,"Fisher-Price® Little People Happy Sounds
Home",F,19.99
242,Target,Kids,Preschool Toys,Fisher-Price Little People Fire Station Playset,M,17.99
243,Target,Kids,Preschool Toys,Lego Duplo Doc Mcstuffins Rosie 10605,F,19.99
244,Target,Kids,Preschool Toys,"Lego® Duplo® Super Heros SupermanTM
Rescue 10543",M,16.99
245,"Toys ""R"" Us",Kids,Arts and Crafts,"Melissa & Doug Reusable Sticker Pad -
Dress Up",F,4.99
246,"Toys ""R"" Us",Kids,Arts and Crafts,"Melissa & Doug Reusable Sticker Pad -
Habitats",M,4.99
247,"Toys ""R"" Us",Kids,Backpacks,Minnie 16 Inch Pilot Rolling Case,F,21.99
248,"Toys ""R"" Us",Kids,Backpacks,Star Wars Classic Pilot Suitcase,M,19.99
249,"Toys ""R"" Us",Kids,Backpacks,"Personalized Barney Glamour Pink
Backpack",F,29.99
250,"Toys ""R"" Us",Kids,Backpacks,"Personalized Barney Little Stars Blue
Backpack",M,29.99
251,"Toys ""R"" Us",Kids,Bikes & Scooters,Razor Jr. Kiddie Kick Scooter - Pink,F,34.99
252,"Toys ""R"" Us",Kids,Bikes & Scooters,Razor Jr. Kiddie Kick Scooter - Blue,M,32.99
253,"Toys ""R"" Us",Kids,Bikes & Scooters,"Razor Black Label Pink ""A"" Kick Scooter",F,74.98
254,"Toys ""R"" Us",Kids,Bikes & Scooters,Razor A Scooter - Black Label,M,69.99
255,"Toys ""R"" Us",Kids,Bikes & Scooters,Smartrike® Delight 3 In 1 Trike - Pink,F,84.99
256,"Toys ""R"" Us",Kids,Bikes & Scooters,Smartrike® Delight 3 In 1 Trike - Green,M,84.99
257,"Toys ""R"" Us",Kids,General Toys,Playmobil Musical Flower Tower With Twinkle,F,59.99
258,"Toys ""R"" Us",Kids,General Toys,Playmobil Pirate Fort With Ruby,M,59.99
259,"Toys ""R"" Us",Kids,General Toys,Playmobil Fairy Queen's Ship,F,37.99
260,"Toys ""R"" Us",Kids,General Toys,"Playmobil Skull And Bones Corsair Pirate
Ship",M,24.99
261,"Toys ""R"" Us",Kids,Helmets & Pads,Barbie Pad Set,F,19.99
262,"Toys ""R"" Us",Kids,Helmets & Pads,Cars 2 Pad Set,M,19.99
263,"Toys ""R"" Us",Kids,Helmets & Pads,Bell Sports Minnie Mouse Pad Set,F,19.99
264,"Toys ""R"" Us",Kids,Helmets & Pads,Bell Sports Spider-Man Pad Set,M,19.99
265,"Toys ""R"" Us",Kids,Helmets & Pads,Razor Daisy Pad Set,F,24.99
268,"Toys ""R"" Us",Kids,Helmets & Pads,Razor Youth Pro Pad Set,M,24.99
269,"Toys ""R"" Us",Kids,Helmets & Pads,Disney Princess Toddler Helmet,F,24.99
270,"Toys ""R"" Us",Kids,Helmets & Pads,Cars Toddler Helmet,M,24.99
271,"Toys ""R"" Us",Kids,Helmets & Pads,Minnie Mouse Toddler Helmet,F,24.99
272,"Toys ""R"" Us",Kids,Helmets & Pads,Mickey Mouse Toddler Bike Helmet,M,24.99
273,"Toys ""R"" Us",Kids,Helmets & Pads,Raskullz Peace Love Kitty Helmet,F,29.99
274,"Toys ""R"" Us",Kids,Helmets & Pads,Raskullz Fin Hawk Helmet,M,29.99
275,"Toys ""R"" Us",Kids,Preschool Toys,"Lego Duplo Sofia The First Royal Stable
(10594)",F,26.99
276,"Toys ""R"" Us",Kids,Preschool Toys,"Lego Duplo My First Construction Site
Building Set (10518)",M,25.99
281,"Abercrombie &
Fitch",Clothes,Dress Pants,A&F Skinny Chinos,F,58.0
282,"Abercrombie &
Fitch",Clothes,Dress Pants,A&F Skinny Chinos,M,78.0
283,"Abercrombie &
Fitch",Clothes,Dress Shirt,Classic Pocket Shirt,F,58.0
284,"Abercrombie &
Fitch",Clothes,Dress Shirt,Classic Fit Oxford Shirt,M,68.0
285,"Abercrombie &
Fitch",Clothes,Jeans,A&F Skinny Jeans,F,78.0
286,"Abercrombie &
Fitch",Clothes,Jeans,A&F Skinny Zip Fly Jeans,M,78.0
287,"Abercrombie &
Fitch",Clothes,Jeans,A&F Super Skinny Jeans,F,78.0
288,"Abercrombie &
Fitch",Clothes,Jeans,A&F Super Skinny Zip Fly Jeans,M,78.0
289,"Abercrombie &
Fitch",Clothes,Jeans,A&F Boot Jeans,F,78.0
290,"Abercrombie &
Fitch",Clothes,Jeans,A&F Boot Button Fly Jeans,M,78.0
291,"Abercrombie &
Fitch",Clothes,Shirt,Applique Logo Graphic Tee,F,34.0
292,"Abercrombie &
Fitch",Clothes,Shirt,Applique Logo Graphic Tee,M,30.0
293,"Abercrombie &
Fitch",Clothes,Shirt,Slim Long Sleeve Henley,F,28.0
294,"Abercrombie &
Fitch",Clothes,Shirt,Muscle Fit Pocket Henley,M,28.0
295,"Abercrombie &
Fitch",Clothes,Socks,Patterned Classic Socks,F,8.0
296,"Abercrombie &
Fitch",Clothes,Socks,A&F Classic Socks,M,12.0
297,"Abercrombie &
Fitch",Clothes,Socks,Ankle Socks Two-Pack,F,10.0
299,Aéropostale,Clothes,Dress Pants,Basic Pants,F,39.5
300,Aéropostale,Clothes,Dress Pants,Uniform Slim Straight Flat-Front Pants,M,44.5
301,Aéropostale,Clothes,Dress Shirt,Long Sleeve Solid Woven Shirt,F,44.5
302,Aéropostale,Clothes,Dress Shirt,Long Sleeve Solid Woven Shirt,M,49.5
303,Aéropostale,Clothes,Dress Shirt,Long Sleeve Solid Woven Shirt,F,44.5
306,Aéropostale,Clothes,Dress Shirt,Long Sleeve Oxford Woven Shirt,M,44.5
307,Aéropostale,Clothes,Jeans,Skinny Core Dark Wash Jean,F,39.5
308,Aéropostale,Clothes,Jeans,Skinny Dark Rinse Wash Jean,M,44.5
309,Aéropostale,Clothes,Shirt,Aero 87 Graphic T,F,24.5
310,Aéropostale,Clothes,Shirt,Times Square Logo Graphic T,M,24.5
311,Aéropostale,Clothes,Shirt,Aero 1987 Bar Stripe Jersey Polo,F,29.5
312,Aéropostale,Clothes,Shirt,Aero 87 Logo Striped Jersey Polo,M,34.5
313,Aéropostale,Clothes,Socks,Varsity Dot Crew Socks,F,10.5
314,Aéropostale,Clothes,Socks,Southwest Stripe Crew Socks,M,9.5
315,Aéropostale,Clothes,Socks,3-Pack Basic Ped Socks,F,10.5
316,Aéropostale,Clothes,Socks,3-Pack A87 Ankle Socks,M,12.5
317,Aéropostale,Clothes,Sweater,Shawl Cardigan,F,54.5
318,Aéropostale,Clothes,Sweater,Solid Knit Uniform Cardigan,M,49.5
319,Aéropostale,Clothes,Sweater,Long Sleeve Textured Crew-Neck Sweater,F,49.5
320,Aéropostale,Clothes,Sweater,Solid Crew Neck Sweater,M,44.5
321,Aéropostale,Clothes,Underwear,Solid Aero Bikini,F,8.5
322,Aéropostale,Clothes,Underwear,Solid Boxer Briefs,M,12.5
323,Aéropostale,Clothes,Underwear,Logo Boyshort,F,8.5
324,Aéropostale,Clothes,Underwear,Solid Knit Trunks,M,12.5
325,"American
Apparel",Clothes,Dress Shirt,Classic Button Down Shirt,F,74.0
326,"American
Apparel",Clothes,Dress Shirt,Poplin Classic Long Sleeve Button-Down,M,72.0
327,"American
Apparel",Clothes,Shirt,Ultra Wash Tee,F,28.0
328,"American
Apparel",Clothes,Shirt,Power Washed Tee,M,26.0
329,"American
Apparel",Clothes,Sweater,Women's Cable Knit Pullover,F,70.0
330,"American
Apparel",Clothes,Sweater,Men's Cable Knit Sweater,M,78.0
333,"American
Apparel",Clothes,Underwear,Cotton Spandex Jersey Boy Brief,F,13.0
334,"American
Apparel",Clothes,Underwear,Baby Rib Brief,M,14.0
335,"American Eagle
Outfitters",Clothes,Dress Shirt,Aeo Long Sleeve Oxford Shirt,F,39.95
336,"American Eagle
Outfitters",Clothes,Dress Shirt,Aeo Solid Poplin Button Down Shirt,M,39.95
337,"American Eagle
Outfitters",Clothes,Jeans,Aeo Denim X Kick Boot Jean,F,44.95
338,"American Eagle
Outfitters",Clothes,Jeans,Classic Bootcut Jean,M,39.95
339,"American Eagle
Outfitters",Clothes,Jeans,Straight Jean,F,44.95
340,"American Eagle
Outfitters",Clothes,Jeans,Original Straight Jean,M,44.95
341,"American Eagle
Outfitters",Clothes,Jeans,Skinny Jean,F,39.95
342,"American Eagle
Outfitters",Clothes,Jeans,Skinny Active Flex Jean,M,49.95
343,"American Eagle
Outfitters",Clothes,Shirt,Aeo Favorite V-Neck Tshirt,F,17.95
344,"American Eagle
Outfitters",Clothes,Shirt,Aeo Legend V-Neck Tshirt,M,15.95
345,"American Eagle
Outfitters",Clothes,Shirt,Aeo Favorite Pocket T-Shirt,F,17.95
346,"American Eagle
Outfitters",Clothes,Shirt,Aeo Legend Pocket T-Shirt,M,15.95
347,"American Eagle
Outfitters",Clothes,Socks,Aeo Shortie Socks 3-Pack,F,12.95
348,"American Eagle
Outfitters",Clothes,Socks,Aeo Low Cut Socks 3-Pack,M,12.5
349,"American Eagle
Outfitters",Clothes,Socks,Aeo Patterned Crew Socks,F,7.95
350,"American Eagle
Outfitters",Clothes,Socks,Aeo Patterned Crew Socks,M,6.5
351,"American Eagle
Outfitters",Clothes,Socks,Aeo No Show Socks 3-Pack,F,12.95
352,"American Eagle
Outfitters",Clothes,Socks,Aeo Invisible Socks 3-Pack,M,12.5
353,"American Eagle
Outfitters",Clothes,Underwear,Aerie Boybrief,F,7.5
354,"American Eagle
Outfitters",Clothes,Underwear,Aeo Classic Brief,M,12.5
355,"American Eagle
Outfitters",Clothes,Underwear,Aerie Signature Bikini,F,7.5
356,"American Eagle
Outfitters",Clothes,Underwear,Aeo Solid Low Rise Trunk,M,12.5
357,Banana Republic,Clothes,Dress Pants,Navy Lightweight Wool Boy-Fit Straight Leg,F,98.0
360,Banana Republic,Clothes,Dress Pants,Modern Slim Blue Wool Dress Pant,M,98.5
361,Banana Republic,Clothes,Dress Pants,"Martin-Fit Black Lightweight Wool Straight
Leg",F,98.0
362,Banana Republic,Clothes,Dress Pants,Classic Fit Solid Wool Trouser,M,98.5
363,Banana Republic,Clothes,Dress Shirt,Fitted Non-Iron Sateen Shirt,F,69.5
364,Banana Republic,Clothes,Dress Shirt,Classic-Fit Non-Iron Solid Shirt,M,79.5
365,Banana Republic,Clothes,Jeans,Medium Wash Skinny Jean,F,98.0
366,Banana Republic,Clothes,Jeans,Skinny Washed Indigo Jean,M,89.5
367,Banana Republic,Clothes,Shirt,New Essential Vee,F,24.5
368,Banana Republic,Clothes,Shirt,Soft-Wash Vee Tee,M,26.5
369,Banana Republic,Clothes,Shirt,New Essential Crew,F,24.5
370,Banana Republic,Clothes,Shirt,Soft-Wash Classic Crew,M,26.5
371,Banana Republic,Clothes,Socks,Glasses Bootie Sock,F,10.5
372,Banana Republic,Clothes,Socks,Performance Ankle Sock,M,12.5
373,Banana Republic,Clothes,Socks,Double-Stripe Tube Sock,F,12.5
374,Banana Republic,Clothes,Socks,Jungle Stripe Sock,M,12.5
375,Banana Republic,Clothes,Sweater,Cutout-Front Crew Pullover,F,89.5
376,Banana Republic,Clothes,Sweater,Ribbed Crew Pullover,M,79.5
377,Banana Republic,Clothes,Sweater,Ribbed Extra-Fine Merino Wool Pullover,F,69.5
378,Banana Republic,Clothes,Sweater,"Striped Extra-Fine Merino Wool Crew
Pullover",M,69.5
379,Club Monaco,Clothes,Dress Pants,Emily Pant,F,169.5
380,Club Monaco,Clothes,Dress Pants,Davis Dress Chino,M,98.5
381,Club Monaco,Clothes,Dress Pants,Lutecia Trouser,F,149.5
382,Club Monaco,Clothes,Dress Pants,Selvedge Chino,M,168.0
383,Club Monaco,Clothes,Dress Pants,Gaios Trouser,F,189.5
384,Club Monaco,Clothes,Dress Pants,Connor Mélange Dress Trouser,M,149.5
387,Club Monaco,Clothes,Dress Shirt,Claudia Cotton Shirt,F,149.5
388,Club Monaco,Clothes,Dress Shirt,Slim-Fit Oxford Dress Shirt,M,89.5
389,Club Monaco,Clothes,Dress Shirt,Susan Shirt,F,139.5
390,Club Monaco,Clothes,Dress Shirt,Classic-Fit Pinstriped Shirt,M,79.5
391,Club Monaco,Clothes,Sweater,Bronwen Cardigan,F,169.5
392,Club Monaco,Clothes,Sweater,Donegal Full Cardigan,M,159.5
393,Club Monaco,Clothes,Sweater,Casey Cable Sweater,F,159.5
394,Club Monaco,Clothes,Sweater,Donegal Crew Sweater,M,129.5
395,Gap,Clothes,Dress Pants,Pinstripe Modern Trouser,F,69.95
396,Gap,Clothes,Dress Pants,Herringbone Wool-Blend Pants (Slim Fit),M,69.95
397,Gap,Clothes,Dress Pants,Broken-In Straight Khakis,F,49.95
398,Gap,Clothes,Dress Pants,The Khaki (Straight Fit),M,59.95
399,Gap,Clothes,Dress Shirt,Tailored Shirt,F,49.95
400,Gap,Clothes,Dress Shirt,Solid Oxford Shirt (Slim Fit),M,49.95
401,Gap,Clothes,Dress Shirt,Shrunken Boyfriend Shirt,F,49.95
402,Gap,Clothes,Dress Shirt,Striped Modern Oxford Shirt,M,49.95
403,Gap,Clothes,Jeans,1969 Real Straight Jeans,F,69.95
404,Gap,Clothes,Jeans,1969 Straight Fit Jeans,M,59.95
405,Gap,Clothes,Jeans,1969 Resolution True Skinny High-Rise Jean,F,69.95
406,Gap,Clothes,Jeans,1969 Skinny Fit Jeans,M,69.95
407,Gap,Clothes,Jeans,1969 Perfect Boot Jeans,F,69.95
408,Gap,Clothes,Jeans,1969 Boot Fit Jeans,M,59.95
409,Gap,Clothes,Jeans,1969 Modern Stretch True Skinny Cords,F,59.95
410,Gap,Clothes,Jeans,1969 Black Fill Cords (Straight Fit),M,59.95
411,Gap,Clothes,Jeans,1969 Resolution Slim Straight Jeans,F,69.95
414,Gap,Clothes,Jeans,"1969 Skinny Fit Jeans (Soft Scrape Dark
Indigo Wash)",M,69.95
415,Gap,Clothes,Jeans,1969 Knit True Skinny Jeans,F,79.95
416,Gap,Clothes,Jeans,1969 Straight Fit Jeans (Resin Rinse),M,69.95
417,Gap,Clothes,Shirt,Favorite Short-Sleeve Crew Tee,F,16.95
418,Gap,Clothes,Shirt,Essential Solid Crew T-Shirt,M,16.5
419,Gap,Clothes,Shirt,Favorite Long-Sleeve V-Neck Tee,F,19.95
420,Gap,Clothes,Shirt,Essential Long-Sleeve Crewneck T-Shirt,M,19.95
421,Gap,Clothes,Shirt,Washed Lace Pullover,F,49.95
422,Gap,Clothes,Shirt,Lived-In Crew Sweatshirt,M,44.95
423,Gap,Clothes,Shirt,Flannel Plaid Relaxed Boyfriend Shirt,F,54.95
424,Gap,Clothes,Shirt,Herringbone Wythe Plaid Shirt,M,54.95
425,Gap,Clothes,Socks,Sport Socks (2 Pack),F,3.98
426,Gap,Clothes,Socks,Ankle Socks (3-Pack),M,4.0
427,Gap,Clothes,Socks,Trouser Socks,F,7.95
428,Gap,Clothes,Socks,Flat Knit Socks (3-Pack),M,6.0
429,Gap,Clothes,Socks,Polka Dot Crew Socks,F,7.95
430,Gap,Clothes,Socks,Motorcycle Socks,M,7.95
431,Gap,Clothes,Sweater,Stripe Open-Front Cardigan,F,69.95
432,Gap,Clothes,Sweater,Cotton Cashmere Shawl Cardigan,M,59.95
433,Gap,Clothes,Sweater,Mockneck Cable-Knit Sweater,F,69.95
434,Gap,Clothes,Sweater,Marled Chunky Cableknit Crew Sweater,M,64.95
435,Gap,Clothes,Underwear,Basic Boxer Briefs (3-Pack) If 1,M,9.98
436,Gap,Clothes,Underwear,Ultra Low Girl Shorts,F,14.5
437,Gap,Clothes,Underwear,Basic Briefs (3-Pack) If 1,M,8.31
438,Gap,Clothes,Underwear,Low-Rise Bikini,F,8.5
441,H&M,Clothes,Dress Pants,Slacks Tapered Fit,F,29.99
442,H&M,Clothes,Dress Pants,Chinos Slim Fit,M,29.99
443,H&M,Clothes,Dress Shirt,Cotton Shirt,F,24.99
444,H&M,Clothes,Dress Shirt,Premium Cotton Shirt,M,24.95
445,H&M,Clothes,Dress Shirt,Cotton Shirt,F,24.99
446,H&M,Clothes,Dress Shirt,Shirt In Premium Cotton,M,29.99
447,H&M,Clothes,Jeans,Boot Cut Low Jeans,F,39.99
448,H&M,Clothes,Jeans,Boot Cut Low Jeans,M,39.99
449,H&M,Clothes,Jeans,Skinny Regular Jeans,F,29.95
450,H&M,Clothes,Jeans,Jeans Skinny Fit,M,29.99
451,H&M,Clothes,Jeans,Jeans Straight Fit,F,49.99
452,H&M,Clothes,Jeans,Straight Regular Jeans,M,19.95
453,H&M,Clothes,Shirt,Jersey Tank Top,F,5.99
454,H&M,Clothes,Shirt,Tank Top,M,5.99
455,H&M,Clothes,Shirt,Jersey Top,F,9.99
456,H&M,Clothes,Shirt,T-Shirt,M,9.99
457,H&M,Clothes,Socks,5-Pack Ankle Socks,F,7.99
458,H&M,Clothes,Socks,4-Pack Ankle Socks,M,4.99
459,H&M,Clothes,Socks,5-Pack Socks,F,9.99
460,H&M,Clothes,Socks,5-Pack Socks,M,9.99
461,H&M,Clothes,Sweater,Rib-Knit Sweater,F,17.99
462,H&M,Clothes,Sweater,Fine-Knit Sweater,M,17.99
463,H&M,Clothes,Underwear,3-Pack Cotton Hipster Briefs,F,9.99
464,H&M,Clothes,Underwear,3-Pack Men's Briefs,M,17.95
465,H&M,Clothes,Underwear,3-Pack Cotton Boy Shorts,F,12.99
468,H&M,Clothes,Underwear,3-Pack Boxer Shorts,M,12.99
469,J.Crew,Clothes,Dress Pants,Campbell Trouser In Bi-Stretch Cotton,F,98.0
470,J.Crew,Clothes,Dress Pants,Bowery Slim Pant In Black Watch Cotton,M,88.0
471,J.Crew,Clothes,Dress Pants,"Campbell Trouser In Pinstripe Super 120S
Wool",F,148.0
472,J.Crew,Clothes,Dress Pants,Bowery Slim Pant In Wool,M,128.0
473,J.Crew,Clothes,Dress Shirt,Favorite Shirt,F,78.0
474,J.Crew,Clothes,Dress Shirt,Ludlow Spread-Collar Shirt,M,88.0
475,J.Crew,Clothes,Sweater,Merino Wool V-Neck Sweater,F,79.5
476,J.Crew,Clothes,Sweater,Merino Wool V-Neck Sweater,M,78.0
477,Kmart,Clothes,Dress Pants,Basic Editions Women's Trousers,F,21.99
478,Kmart,Clothes,Dress Pants,Basic Editions Men's Pleated Pant,M,18.99
479,Kmart,Clothes,Dress Pants,Attention Women's Slim Fit Dress Pants,F,26.99
480,Kmart,Clothes,Dress Pants,Attention Men's Stretch Dress Pants,M,26.99
481,Kmart,Clothes,Dress Shirt,"Basic Editions Women's Button-Front Shirt -
Striped",F,21.99
482,Kmart,Clothes,Dress Shirt,"Basic Editions Men's Long-Sleeve Dress
Shirt",M,13.98
483,Kmart,Clothes,Socks,"Joe Boxer Women's Socks 5Pk Super Soft
Quarter White Pink",F,6.99
484,Kmart,Clothes,Socks,"Joe Boxer Men's Low Cut Cushioned Socks
- 5 Pairs Sizes 10-13",M,6.99
485,Kmart,Clothes,Sweater,Basic Editions Women's Turtleneck Sweater,F,21.99
486,Kmart,Clothes,Sweater,"Basic Editions Men's Mock Neck Pullover
Sweater",M,34.99
487,Kmart,Clothes,Underwear,"Joe Boxer Women's 6-Pack Hipster Panties
- Solids & Prints (If 4)",F,6.66
488,Kmart,Clothes,Underwear,Joe Boxer Men's 4-Pairs Ringer Briefs,M,10.99
489,Kmart,Clothes,Underwear,"Joe Boxer Women's 2-Pairs Boy Short
Panties - Hearts",F,9.99
490,Kmart,Clothes,Underwear,Joe Boxer Men's Ringer Boxer Briefs 2 Pairs,M,8.99
491,Levi's,Clothes,Dress Pants,Boyfriend Chinos,F,54.5
492,Levi's,Clothes,Dress Pants,Chino Pants,M,58.0
495,Levi's,Clothes,Dress Shirt,Classic One Pocket Shirt,F,68.0
496,Levi's,Clothes,Dress Shirt,Sunset One Pocket Shirt,M,58.0
497,Levi's,Clothes,Dress Shirt,One Pocket Boyfriend Shirt,F,78.0
498,Levi's,Clothes,Dress Shirt,Classic One Pocket Shirt,M,48.0
499,Levi's,Clothes,Jeans,712 Slim Jeans,F,88.0
500,Levi's,Clothes,Jeans,511 Slim Fit Jeans,M,68.0
501,Levi's,Clothes,Jeans,715 Boot Cut Jeans,F,78.0
502,Levi's,Clothes,Jeans,517 Boot Cut Jeans,M,58.0
503,Levi's,Clothes,Jeans,714 Straight Jeans,F,78.0
504,Levi's,Clothes,Jeans,501 Original Fit Jeans,M,68.0
505,Levi's,Clothes,Jeans,721 High Rise Skinny Jeans,F,88.0
506,Levi's,Clothes,Jeans,510TM Skinny Fit Jeans,M,68.0
507,Levi's,Clothes,Jeans,501 Ct Jeans For Women,F,88.0
508,Levi's,Clothes,Jeans,501 Ct Jeans,M,78.0
509,Levi's,Clothes,Shirt,The Perfect Tee,F,28.0
510,Levi's,Clothes,Shirt,Levi's Housemark Tee,M,28.0
511,Levi's,Clothes,Shirt,The Perfect Pocket Tee,F,44.0
512,Levi's,Clothes,Shirt,Sunset Pocket Tee,M,28.0
513,Levi's,Clothes,Shirt,Levi's ® Commuter Raglan Tee,F,58.0
514,Levi's,Clothes,Shirt,Levi's® CommuterTM Drop Hem Tee,M,38.0
515,Levi's,Clothes,Sweater,Polka Dot Sweatshirt,F,64.0
516,Levi's,Clothes,Sweater,Levi's® Housemark Pullover Hoodie,M,48.0
517,Levi's,Clothes,Sweater,V-Neck Cardigan Sweater,F,98.0
518,Levi's,Clothes,Sweater,Brushed Crew Sweater,M,88.0
519,Old Navy,Clothes,Dress Pants,Skinny Khakis,F,24.94
522,Old Navy,Clothes,Dress Pants,Men's New Classic Straight-Leg Khakis,M,29.94
523,Old Navy,Clothes,Dress Shirt,Classic Oxford Shirt,F,24.94
524,Old Navy,Clothes,Dress Shirt,Classic Regular-Fit Shirt,M,29.94
525,Old Navy,Clothes,Jeans,Original Straight Jeans,F,29.94
526,Old Navy,Clothes,Jeans,Men's Straight-Fit Jeans,M,29.94
527,Old Navy,Clothes,Socks,Go-Dry Performance Socks 3-Packs,F,10.0
528,Old Navy,Clothes,Socks,Men's Go-Dry Running Sock 3-Pack,M,9.94
529,Old Navy,Clothes,Sweater,V-Neck Cardigan,F,24.94
530,Old Navy,Clothes,Sweater,Men's V-Neck Cardigans,M,32.94
531,Old Navy,Clothes,Sweater,Women's Striped Crew-Neck Sweater,F,39.94
532,Old Navy,Clothes,Sweater,Men's Striped Crew-Neck Sweaters,M,34.94
533,Old Navy,Clothes,Underwear,Jersey Bikini 3-Packs If 1,F,4.31
534,Old Navy,Clothes,Underwear,Men's Solid Trunks,M,9.94
535,Old Navy,Clothes,Underwear,Jersey Hipster 3-Packs,F,4.31
536,Old Navy,Clothes,Underwear,Men's Patterned Boxers,M,9.94
537,Target,Clothes,Dress Pants,"Women's Classic Ankle Pant Gazelle Brown
- MeronaTM",F,27.99
538,Target,Clothes,Dress Pants,Men's Slim Fit Chino Khaki - Mossimo,M,29.99
539,Target,Clothes,Dress Shirt,Women's Favorite Shirt Merona,F,22.99
540,Target,Clothes,Dress Shirt,Merona Men's Button Down Shirt,M,24.99
541,Target,Clothes,Jeans,"Mid-Rise Straight Leg Jeans (Modern Fit) -
Mossimo®",F,27.99
542,Target,Clothes,Jeans,"Men's Slim Straight Jeans - Mossimo Supply
Co",M,24.99
543,Target,Clothes,Socks,"Women's Casual Crew Socks 3 Pk Ebony
4-10 - MeronaTM",F,8.0
544,Target,Clothes,Socks,"Men's Stripe Socks Blue Melange -
MeronaTM 6-12 (3 Pack)",M,9.29
545,Target,Clothes,Sweater,Scoopneck Sweater - Mossimo Supply Co.,F,19.99
546,Target,Clothes,Sweater,"Men's Varsity Crew Sweater Mountain Red -
Mossimo Supply Co.",M,24.99
549,Target,Clothes,Underwear,"C9 Champion® Women's Seamless
Performance Sport Briefs 2-Pack (If 1)",F,7.0
550,Target,Clothes,Underwear,"C9 By Champion ® - Men's 3-Pack Briefs
Black/Grey (If 1)",M,7.99
551,Target,Clothes,Underwear,"Fruit Of The Loom Women's BeyondsoftTM
With Comfort Covered Waistband Boyshort
5-Pack - If 6",F,11.99
552,Target,Clothes,Underwear,"Fruit Of The Loom® - Men's 6Pk Briefs
Assorted Multi-Colored",M,13.99
553,Target,Clothes,Underwear,Women's Seamless Boyshort - Xhilaration®,F,5.0
554,Target,Clothes,Underwear,Men's Boxer Brief - Mossimo Supply Co.,M,5.99
555,Uniqlo,Clothes,Dress Pants,Women Idlf Straight Pants,F,59.9
556,Uniqlo,Clothes,Dress Pants,Men Stretch Wool Slim Fit Flat Front Pants,M,59.9
557,Uniqlo,Clothes,Dress Pants,Women Idlf Chino Pants,F,39.9
558,Uniqlo,Clothes,Dress Pants,"Men Vintage Regular Fit Chino Flat Front
Pants",M,39.9
559,Uniqlo,Clothes,Dress Shirt,"Women Supima Cotton Stretch Long Sleeve
Shirt",F,39.9
560,Uniqlo,Clothes,Dress Shirt,"Men Easy Care Stretch Slim Fit Broadcloth
Long Sleeve Shirt",M,39.9
561,Uniqlo,Clothes,Jeans,Women Heattech Skinny Fit Jeans,F,49.9
562,Uniqlo,Clothes,Jeans,Men Heattech Slim Fit Straight Jeans,M,49.9
563,Uniqlo,Clothes,Socks,Women Short Socks 3 Pairs (Dot Stripe),F,12.9
564,Uniqlo,Clothes,Socks,Men Pile Checked Short Socks,M,12.9
565,Uniqlo,Clothes,Sweater,"Women Extra Fine Merino Crew Neck
Sweater",F,29.9
566,Uniqlo,Clothes,Sweater,Men Extra Fine Merino Crew Neck Sweater,M,39.9
567,Uniqlo,Clothes,Sweater,Women Lambswool Crewneck Sweater,F,29.9
568,Uniqlo,Clothes,Sweater,Men Lambswool Crewneck Sweater,M,29.9
569,Uniqlo,Clothes,Sweater,"Women Cotton Cashmere Cable Crewneck
Sweater",F,39.9
570,Uniqlo,Clothes,Sweater,Men Cable Crewneck Sweater,M,39.9
571,Uniqlo,Clothes,Underwear,Women Bikini (Basic),F,6.45
572,Uniqlo,Clothes,Underwear,Men Supima Cotton Striped Briefs,M,6.45
575,Uniqlo,Clothes,Underwear,Women Boy Shorts,F,6.45
576,Uniqlo,Clothes,Underwear,Men Supima Cotton Striped Boxer Briefs,M,6.45
577,Urban Outfitters,Clothes,Dress Pants,Bdg Cole Chino Pant,F,59.0
578,Urban Outfitters,Clothes,Dress Pants,"Cpo Double Faced Melange Skinny
Chino Pant",M,59.0
579,Urban Outfitters,Clothes,Dress Shirt,Bdg Jessie Button-Down Shirt,F,59.0
580,Urban Outfitters,Clothes,Dress Shirt,Cpo Classic Oxford Button-Down Shirt,M,49.0
581,Urban Outfitters,Clothes,Shirt,Bdg Classic Heathered Crew Tee,F,34.0
582,Urban Outfitters,Clothes,Shirt,Bdg Galaxy Standard-Fit Crew Neck Tee,M,18.0
583,Urban Outfitters,Clothes,Shirt,Bdg Sally Pocket Tee,F,34.0
584,Urban Outfitters,Clothes,Shirt,Bdg Rolled Cap-Sleeve Standard-Fit Tee,M,18.0
585,Urban Outfitters,Clothes,Socks,Multicolor Pattern Crew Sock,F,14.0
586,Urban Outfitters,Clothes,Socks,Lightweight Fair Isle Crew Sock,M,8.0
587,Urban Outfitters,Clothes,Socks,Solid Thermal Stitch Boot Sock,F,14.0
588,Urban Outfitters,Clothes,Socks,Sweater Stripe Sock,M,12.0
589,Urban Outfitters,Clothes,Sweater,Bdg Parker Cardigan,F,59.0
590,Urban Outfitters,Clothes,Sweater,Bdg Lightweight Cardigan,M,44.0
591,Urban Outfitters,Clothes,Underwear,Blake Printed Boyshort,F,8.0
592,Urban Outfitters,Clothes,Underwear,Tonal Taped Trunk,M,12.0
593,Urban Outfitters,Clothes,Underwear,Taylor Dolphin Hipster,F,8.0
594,Urban Outfitters,Clothes,Underwear,Buffalo Plaid Boxer Brief,M,12.0
597,CVS,Beauty,Body Wash,"Purely Pampering Shea Butter with
Warm Vanilla Beauty Bar",F,9.49
598,CVS,Beauty,Body Wash,"Men+Care Aqua Impact Body and
Face Bar",M,9.49
599,CVS,Beauty,Body Wash,"Go Fresh Restore Body Wash, Blue
Fig & Orange Blossom Scent",F,8.99
600,CVS,Beauty,Body Wash,Men+Care Clean Comfort Body Wash,M,8.99
601,CVS,Beauty,Body Wash,"Touch of Serenity Moisturizing Body
Wash Hibiscus Blossom Scent & Aloe
Essence",F,4.0
602,CVS,Beauty,Body Wash,Nivea for Men Body Wash Energy,M,4.0
603,CVS,Beauty,Body Wash,"Creamy Cocoa Butter & Shea Butter
Moisturizing Body Wash",F,2.77
604,CVS,Beauty,Body Wash,Men's Sport Recharge Body Wash,M,2.77
605,CVS,Beauty,Deodorant,"Clinical Strength Antiperspirant,
Green Tea & Cucumber Scent",F,7.99
606,CVS,Beauty,Deodorant,"Clinical Strength Waterproof
Antiperspirant & Deodorant For Men,
Ultra Fresh Scent",M,7.99
607,CVS,Beauty,Deodorant,"Women Anti-Perspirant Deodorant
Invisible Solid Shower Clean",F,3.99
608,CVS,Beauty,Deodorant,"Men Ultra Dry Anti-Perspirant
Deodorant Invisible Stick Sport",M,3.79
609,CVS,Beauty,Deodorant,"Go Fresh Anti-Perspirant Deodorant
Ultimate Clear Cool Essentials",F,4.99
610,CVS,Beauty,Deodorant,"Men + Care Clean Comfort Powerful
Protection Antiperspirant",M,5.29
611,CVS,Beauty,Hair Care,"Professionals Moroccan Infusion
Shine Shampoo (& conditioner)",F,7.98
612,CVS,Beauty,Hair Care,"Professionals Men 2 In 1 Shampoo +
Conditioner",M,2.67
613,CVS,Beauty,Hair Care,Bed Head Resurrection Shampoo,F,18.99
614,CVS,Beauty,Hair Care,Bed Head Men Clean Up Shampoo,M,14.2
615,CVS,Beauty,Lotion,Healthy Skin Face Lotion Spf 15,F,15.99
616,CVS,Beauty,Lotion,Men Triple Protect Face Lotion Spf 20,M,10.28
617,CVS,Beauty,Lotion,"Smooth Sensation Body Lotion Shea
Butter & HYDRA IQ",F,6.49
618,CVS,Beauty,Lotion,"Men Maximum Hydration Body Lotion
3 in 1 Body Face & Hands",M,6.49
621,CVS,Beauty,Razor,"3 Blade Disposable Razors for
Women Lavender",F,5.29
622,CVS,Beauty,Razor,"3 Blade Disposable Razors for
Sensitive Skin",M,4.99
623,CVS,Beauty,Razor,Venus Embrace Razor,F,13.79
624,CVS,Beauty,Razor,Fusion Manual Razor,M,9.99
625,CVS,Beauty,Razor,Quattro For Women Razor,F,9.99
626,CVS,Beauty,Razor,Quattro Titanium Razor,M,10.99
627,CVS,Beauty,"Razor
Cartridges",5 Blade Women's Razor Cartridges,F,10.99
628,CVS,Beauty,"Razor
Cartridges",5 Blade Men's Razor Cartridges,M,9.99
629,CVS,Beauty,"Razor
Cartridges",Quattro For Women Cartridges,F,14.99
630,CVS,Beauty,"Razor
Cartridges",Quattro Titanium Cartridges,M,13.79
631,CVS,Beauty,"Shaving
Cream",Raspberry Shave Gel For Women,F,2.49
632,CVS,Beauty,"Shaving
Cream",Sensitive Skin Shave Gel for Men,M,2.49
633,CVS,Beauty,"Shaving
Cream",Advanced Gel Sensitive Skin,M,3.49
634,CVS,Beauty,"Shaving
Cream",Venus Shave Gel Olay Violet Swirl,F,3.29
635,CVS,Beauty,"Shaving
Cream","Fusion Hydragel Shave Gel
Moisturizing",M,4.59
636,CVS,Beauty,"Shaving
Cream","Signature Scents Shave Gel
Strawberry Tangerine Twist",F,3.79
637,Rite Aid,Beauty,Body Wash,"Nivea Body Wash, Moisturizing,
Touch of Serenity, 16.9 fl oz (500 ml)",F,6.99
638,Rite Aid,Beauty,Body Wash,"Nivea For Men Body Wash with
Menthol, Cool, 16.9 fl oz (500 ml)",M,5.49
639,Rite Aid,Beauty,Body Wash,"Naturals Body Wash, Ocean Breeze,
12 fl oz (354 ml)",F,2.79
640,Rite Aid,Beauty,Body Wash,"Men Body Wash, Refreshing, 12 fl oz
(354 ml)",M,2.79
641,Rite Aid,Beauty,Deodorant,"Anti-Perspirant & Deodorant, Invisible
Solid, Sheer Powder 2.6 oz (74 g)",F,3.89
642,Rite Aid,Beauty,Deodorant,"Degree Men Dry Protection Anti-
Perspirant & Deodorant, Sport, 2.7 oz
(76 g)",M,3.79
643,Rite Aid,Beauty,Deodorant,"Go Sleeveless Anti-Perspirant
Deodorant, Soothing Chamomile, 2.6
oz (74 g)",F,5.64
646,Rite Aid,Beauty,Deodorant,"Antiperspirant Deodorant, Fresh
Awake 2.7 oz (76 g)",M,5.49
647,Rite Aid,Beauty,Deodorant,"Anti-Perspirant & Deodorant for
Women, Clear Gel, Powder Fresh,
3.4 oz (96 g)",F,5.29
648,Rite Aid,Beauty,Deodorant,"Anti-Perspirant & Deodorant, Clear
Gel, Mountain Air, 3.4 oz (96 g)",M,5.29
649,Rite Aid,Beauty,Deodorant,"Lady Speed Stick Invisible Dry
Antiperspirant/Deodorant, Powder
Fresh, 2.3 oz (65 g)",F,4.69
650,Rite Aid,Beauty,Deodorant,"Speed Stick Power Antiperspirant
Deodorant, Unscented, 3 oz (85 g)",M,3.59
653,Rite Aid,Beauty,Hair Care,"Conditioner, Nourishing Daily, Strong",F,11.98
655,Rite Aid,Beauty,Hair Care,"Men Scalp Therapy Shampoo &
Conditioner, Daily, Anti-Dandruff,
Complete Care, 2 in 1, 12.9 fl oz
(381 ml)",M,5.99
656,Rite Aid,Beauty,Hair Care,"Damage Solutions Shampoo,
Intensive Repair, 12 fl oz (355 ml)",F,4.99
657,Rite Aid,Beauty,Hair Care,"Men + Care Shampoo, Fortifying,
Thickening, 12 fl oz (355 ml)",M,5.19
658,Rite Aid,Beauty,Lotion,"Intensive Rescue Lotion,
Hypoallergenic, Repairing Moisture,
Fragrance Free, 24.5 fl oz (725 ml)",F,7.79
659,Rite Aid,Beauty,Lotion,"Men Body & Face Lotion, Fast
Absorbing, 20.3 fl oz (600 ml)",M,9.4
660,Rite Aid,Beauty,Razor,"Soleil Shavers, Sensitive Skin, 3
Blades, 4 shavers",F,7.29
661,Rite Aid,Beauty,Razor,"Comfort 3 Shavers for Men, Sensitive
Skin, 4 shavers",M,4.69
662,Rite Aid,Beauty,Razor,"Renewal Razors, 5 Blade, for
Women, 3 razors",F,8.99
663,Rite Aid,Beauty,Razor,"Renewal Razors, Disposable,
5-Blade, for Men, 3 ea",M,8.49
664,Rite Aid,Beauty,Razor,"Renewal Razor, 5 Blade, for Women,
1 set",F,7.49
665,Rite Aid,Beauty,Razor,"Renewal Razor, 5 Blade, for Men,
with Trimmer, 1 set",M,7.49
666,Rite Aid,Beauty,"Razor
Cartridges","Venus Embrace Cartridges, 5 Blades,
Value Pack, 6 cartridges",F,26.99
667,Rite Aid,Beauty,"Razor
Cartridges",Fusion Cartridges 4 cartridges,M,27.73
668,Rite Aid,Beauty,"Razor
Cartridges","Renewal Cartridge Refills, 5 Blade, for
Women, 4 cartridges",F,8.99
669,Rite Aid,Beauty,"Razor
Cartridges","Renewal Cartridge Refills, 5 Blade, for
Men, with Trimmer, 4 cartridges",M,8.49
672,Rite Aid,Beauty,"Razor
Cartridges","Quattro Cartridges, 4 cartridges",M,12.49
673,Rite Aid,Beauty,"Razor
Cartridges","Hydro 5 Cartridges, Hydrating, Aloe &
Vitamin E, 4 cartridges",M,15.99
674,Rite Aid,Beauty,"Razor
Cartridges","Quattro for Women Cartridges, Ultra
Smooth, 4 cartridges",F,14.79
675,Rite Aid,Beauty,"Razor
Cartridges","Hydro Silk Razor Cartridges, 4
cartridges",F,19.99
676,Rite Aid,Beauty,"Shaving
Cream","Shave Gel, Sensitive Skin with Aloe,
Value Size 7 oz.",M,4.98
677,Rite Aid,Beauty,"Shaving
Cream","Shave Gel, Sensitive, with Shea
Butter 7 oz (198 g)",F,3.99
678,Rite Aid,Beauty,"Shaving
Cream","Hydra Gel, Ultra Sensitive 7 oz (198 g)",M,5.29
679,Rite Aid,Beauty,"Shaving
Cream","Renewal Shave Gel, Moisturizing,
Baby Soft with Baby Oil, 7 oz (198 g)",F,2.59
680,Rite Aid,Beauty,"Shaving
Cream","Renewal Shave Gel, for Men,
Sensitive Skin, 7 oz (198 g)",M,2.59
681,Rite Aid,Beauty,"Shaving
Cream","Skin Therapy Shave Cream,
Moisturizing, Sensitive Skin, 10 oz
(283 g)",F,3.49
682,"Walgreens/
Duane Reade",Beauty,Body Wash,"Body Wash Omega Moisture Sea
Berries",F,5.09
683,"Walgreens/
Duane Reade",Beauty,Body Wash,"Dial for Men Body Wash Fresh
Reaction Alpine",M,5.09
684,"Walgreens/
Duane Reade",Beauty,Body Wash,Nourishing Body Wash,F,5.67
685,"Walgreens/
Duane Reade",Beauty,Body Wash,Men+Care Body Wash Clean Comfort,M,4.99
686,"Walgreens/
Duane Reade",Beauty,Body Wash,Body Wash Jojoba Oil & Coconut,F,5.49
687,"Walgreens/
Duane Reade",Beauty,Body Wash,Men 3 in 1 Body Wash Energy,M,4.99
688,"Walgreens/
Duane Reade",Beauty,Deodorant,"Dry Protection Anti-Perspirant &
Deodorant Shower Clean",F,3.43
689,"Walgreens/
Duane Reade",Beauty,Deodorant,"Men Dry Protection Antiperspirant &
Deodorant Sport",M,3.29
690,"Walgreens/
Duane Reade",Beauty,Deodorant,"go fresh Anti-Perspirant Deodorant
Cool Essentials",F,5.18
691,"Walgreens/
Duane Reade",Beauty,Deodorant,"Men+Care Antiperspirant &
Deodorant Extra Fresh",M,4.99
693,Walgreens/,Beauty,Deodorant,Anti-Perspirant & Deodorant Powder,F,3.99
696,"Walgreens/
Duane Reade",Beauty,Deodorant,"Advanced Gel Anti-Perspirant &
Deodorant Sport",M,3.99
697,"Walgreens/
Duane Reade",Beauty,Hair Care,"2 in 1 Moisturizing Shampoo +
Conditioner",F,1.99
698,"Walgreens/
Duane Reade",Beauty,Hair Care,"Mens 3-IN-1 Shampoo, Conditioner
& Body Wash Ocean Surge",M,1.29
701,"Walgreens/
Duane Reade",Beauty,Hair Care,"Aussome Volume 2-in-1 Shampoo (&
Conditioner)",F,8.38
702,"Walgreens/
Duane Reade",Beauty,Hair Care,"Men Daily Clean 2-In-1 Shampoo +
Conditioner",M,3.79
703,"Walgreens/
Duane Reade",Beauty,Hair Care,"Smooth & Silky 2 in 1 Dandruff
Shampoo + Conditioner",F,8.29
704,"Walgreens/
Duane Reade",Beauty,Hair Care,"Men Total Care All-in-1 Dandruff
Shampoo + Conditioner",M,8.29
705,"Walgreens/
Duane Reade",Beauty,Hair Care,"Performance Series 2 in 1 Plus
Shampoo & Conditioner, For All Hair
Types",F,4.48
706,"Walgreens/
Duane Reade",Beauty,Hair Care,"Professionals Men 2-in-1 Shampoo
and Conditioner",M,3.99
707,"Walgreens/
Duane Reade",Beauty,Lotion,"7 Day Moisturizing Lotion, Extra Dry
Skin",F,6.79
708,"Walgreens/
Duane Reade",Beauty,Lotion,"Dial For Men NutriSkin Body & Hand
Lotion Ultra Hydrating",M,6.79
709,"Walgreens/
Duane Reade",Beauty,Lotion,"Intensive Rescue Intensive Care
Advanced Repair Non-Greasy Lotion
Fragrance Free",F,4.19
710,"Walgreens/
Duane Reade",Beauty,Lotion,"Men Healing Moisture Non-Greasy
Body & Face Lotion Extra Strength",M,4.19
711,"Walgreens/
Duane Reade",Beauty,Razor,BiC Comfort 3 Shavers for Women,F,3.99
712,"Walgreens/
Duane Reade",Beauty,Razor,BiC Comfort 3 Pivot Shavers,M,3.99
713,"Walgreens/
Duane Reade",Beauty,Razor,"Venus Swirl Women's Razor Handle
with 2 Blade Refills",F,13.99
714,"Walgreens/
Duane Reade",Beauty,Razor,"Fusion ProGlide SilverTouch Razor
with FlexBall Handle Technology & 2
Razor Blade Refills",M,13.79
715,"Walgreens/
Duane Reade",Beauty,Razor,Quattro For Women Razor,F,10.49
716,"Walgreens/
Duane Reade",Beauty,Razor,Quattro Titanium Razor,M,9.99
717,"Walgreens/
Duane Reade",Beauty,Razor,Beauty Disposable Five-Blade Razors,F,5.99
718,"Walgreens/
Duane Reade",Beauty,Razor,Men's Disposable Five-Blade Razors,M,5.49
719,"Walgreens/
Duane Reade",Beauty,"Razor
Cartridges",Venus Divine Cartridges,F,25.99
720,"Walgreens/
Duane Reade",Beauty,"Razor
Cartridges",MACH3 Cartridges,M,23.99
721,"Walgreens/
Duane Reade",Beauty,"Razor
Cartridges",Hydro Silk for Women Cartridges,F,18.49
722,"Walgreens/
Duane Reade",Beauty,"Razor
Cartridges",Hydro 5 Cartridge Razor Refills,M,14.99
723,"Walgreens/
Duane Reade",Beauty,"Razor
Cartridges","Quattro For Women Razor Cartridge
Refill",F,14.49
726,"Walgreens/
Duane Reade",Beauty,"Razor
Cartridges",Quattro Titanium Razor Cartridges,M,12.99
727,"Walgreens/
Duane Reade",Beauty,"Shaving
Cream",Shave Gel Soothing Aloe,M,3.29
728,"Walgreens/
Duane Reade",Beauty,"Shaving
Cream","Venus with a Touch of Olay, Shave
Gel Sugarberry Bliss",F,3.49
729,"Walgreens/
Duane Reade",Beauty,"Shaving
Cream",Series Shave Gel,M,2.89
730,"Walgreens/
Duane Reade",Beauty,"Shaving
Cream",Moisture Shave Lavender Shea,F,7.57
731,"Walgreens/
Duane Reade",Beauty,"Shaving
Cream",Natural Man Aqua 4 in 1 Shave Aqua,M,5.99
732,"Walgreens/
Duane Reade",Beauty,"Shaving
Cream","SignatureScents Moisturizing Shave
Gel Raspberry Rain",F,3.29
733,"Walgreens/
Duane Reade",Beauty,"Shaving
Cream",Dry Skin Ladies Shave Gel,F,3.29
734,"Walgreens/
Duane Reade",Beauty,"Shaving
Cream",Sensitive Skin Men's Shave Gel,M,3.29
